2024-11-01 09:37:38.143219,ls
2024-11-01 09:41:51.431063,ls
2024-11-01 09:50:24.001744,ls
2024-11-01 09:51:17.361638,exit
2024-11-01 09:51:20.642987,mkdir some_directory
2024-11-01 09:51:20.643987,cd some_directory
2024-11-01 09:51:20.651987,mkdir some_directory
2024-11-01 09:51:20.657002,mkdir some_directory
2024-11-01 09:51:20.657002,mkdir test_dir
2024-11-01 09:51:20.657986,ls
2024-11-01 09:51:20.661988,mkdir some_directory
2024-11-01 09:51:20.662987,mkdir new_dir
2024-11-01 09:51:20.663989,ls
2024-11-01 09:53:04.055220,mkdir some_directory
2024-11-01 09:53:04.056249,cd some_directory
2024-11-01 09:53:04.060216,mkdir some_directory
2024-11-01 09:53:04.065221,mkdir some_directory
2024-11-01 09:53:04.065221,mkdir test_dir
2024-11-01 09:53:04.066216,ls
2024-11-01 09:53:04.072027,mkdir some_directory
2024-11-01 09:53:04.073026,mkdir new_dir
2024-11-01 09:53:04.074024,ls
2024-11-01 09:55:36.825029,mkdir some_directory
2024-11-01 09:55:36.826020,cal
2024-11-01 09:55:36.831035,mkdir some_directory
2024-11-01 09:55:36.832020,cd some_directory
2024-11-01 09:55:36.836024,mkdir some_directory
2024-11-01 09:55:36.841023,mkdir some_directory
2024-11-01 09:55:36.841023,mkdir test_dir
2024-11-01 09:55:36.842024,ls
2024-11-01 09:55:36.846043,mkdir some_directory
2024-11-01 09:55:36.847023,mkdir new_dir
2024-11-01 09:55:36.847023,ls
2024-11-01 10:04:01.311982,ls
2024-11-01 10:04:10.269558,cd folder1
2024-11-01 10:04:12.479135,ls
2024-11-01 10:04:25.899956,touch ghfj.txt
2024-11-01 10:04:28.357837,ls
2024-11-01 10:04:31.066729,cal
2024-11-01 10:13:32.434445,exit
